epoch_list,train_loss_list,test_loss_list,mae_train_loss_list,mae_test_loss_list
0,327.1321972812343,2.1693482633329864,9.201171758847359,1.1281211253924248
1,1.3283288621494913,0.9575436313947042,0.7795184494083763,0.5768194157853086
2,0.9100576985595573,0.8822427570310414,0.5533119967350593,0.5512405598265493
3,0.8736788579541394,0.8659546517918253,0.5354689204285288,0.5395563741525015
4,0.8593088729768736,0.8569078272224492,0.5289554565380781,0.5448648114489694
5,0.8476138774655823,0.846128624983323,0.5239469582199031,0.5415554212199317
6,0.8370007459933941,0.8302559485802283,0.5201327734523349,0.5173156969567649
7,0.8251832800033765,0.823468125019318,0.514517513095823,0.49897857558014047
8,0.8196154690196371,0.841153997131902,0.5121620503755716,0.5689304567809798
9,0.8071817154558296,0.8226880316550915,0.5074216081545904,0.48238755163983404
10,0.8011540602415036,0.7949826327654032,0.5043885404737587,0.49714287453227574
11,0.7962945699691772,0.7890228504299098,0.501936305537183,0.5064837188802214
12,0.7857585014441074,0.7816622853279114,0.49784332946834403,0.49231286181343925
13,0.7846983704302046,0.7770947554172614,0.49839433136149347,0.48440839795984775
14,0.7760430217808129,0.7752866039418767,0.4937283422192957,0.4770655379845546
15,0.7710486673391782,0.785559510318642,0.49264368389406776,0.46944926233373135
16,0.7761258584821326,0.7709030391823533,0.4960476677132468,0.4710721969604492
17,0.7709839035812606,0.8461296683193272,0.49360621663240284,0.4857544690115839
18,0.7798084509678376,0.7578667203585306,0.5013141835856642,0.4937570762430501
19,0.7622119583125807,0.7547475173432603,0.490124752633592,0.47629963995045066
20,0.7867123734237801,0.7692116689987671,0.5072632752932035,0.5245336324740679
21,0.77198087481352,0.7609775349115714,0.4979995305721576,0.46555330457850397
22,0.7780512120479193,0.8317057179589556,0.5021353442954202,0.5986704311819158
23,0.7993304011149284,0.7492009070184495,0.5189405053089826,0.4952739011018704
24,0.8054216598343645,0.9712598298349951,0.5240299900372823,0.5668264469529829
25,1.3212879269551008,0.743377535771101,0.8146659347236666,0.47662220500473285
26,2.2063014754372783,1.070340055685777,1.1060600031135428,0.7833614919939612
27,1.864917950752454,11.946088277376615,0.9930706734840686,3.3470356464385986
28,2.8465710177890258,0.8976353880686637,1.0512609127749744,0.5241175681097895
29,2.0034748025429554,1.363555469064631,1.0328616082158864,0.9551545656644381
30,1.968237047521477,1.1045591668186026,1.085354046179698,0.6528509702437963
31,2.261529337137173,1.3356217910081913,1.1756590202323391,0.9407074288425282
32,2.4410949917430553,0.9723630155253614,1.0483818469393966,0.7167960186289926
33,2.371728230235923,5.264360040680975,0.975129269891315,2.19210101192833
34,1.2595792978237836,0.741262991204221,0.7621617717111212,0.4625217438253582
35,1.7850035951178298,1.161141668120001,0.9265146021150116,0.8417612395734868
36,1.9632612329262953,1.9541374628360455,1.040223132341336,1.2283356892756927
37,2.0756861511458697,0.9391566061566019,1.0177128727619464,0.5520283732658777
38,1.6475637206155012,0.7897707040493305,0.9512193146933857,0.5611051305746421
39,1.7382811305359898,0.8030833393080622,0.9640434068492335,0.5754607732479389
40,1.9942923949824438,1.259990071129595,1.0335874203433337,0.9009866755232852
41,1.6940561033721664,4.309717846731854,0.9451870197414333,1.9649194040869036
42,1.5412043343242416,0.9832238789297577,0.8917783860467438,0.7268255979586871
43,1.9278851174391234,0.7317634074606447,0.9462974074049892,0.46223290761311847
44,1.3540690469945598,0.9935081106984717,0.8251013985046973,0.5872441662682427
45,1.8513273510158572,0.7310436895260444,0.8916474338780102,0.4833327210866488
46,1.7906657918396158,1.339790889340588,0.9071339516558199,0.9463573729890025
47,1.1965581871505477,1.6342116798091137,0.7543053392671112,1.0928332010904949
48,1.6828974151713216,3.4682583360590487,0.9308482782962995,1.6571605266668858
49,1.7111754295153496,1.6229147106154351,0.9534910940206968,0.9566357461815207
50,1.2148725469397683,0.8313569518236014,0.7337385785375905,0.6103407638704675
51,1.5152864856088264,1.4622743302940304,0.8754304329044799,1.012450749038631
52,1.5267158914835026,0.7345802320374383,0.9084309634999332,0.5076626722629254
53,1.5302625201706193,0.8056619358368409,0.8886805683629125,0.5891034226132255
54,1.35419392076313,1.1351675442141345,0.8193670972290202,0.6879755278937837
55,1.30720099603009,1.0932856135898166,0.794976258634502,0.8087399199477627
56,1.327977583449111,1.0470710513938186,0.8192567512010916,0.6338279985973978
57,1.472222365375258,0.9790272666857793,0.8740832912616241,0.7329262123148665
58,1.3743279823380659,2.6836745290674715,0.8108411889809829,1.4075341999021351
59,1.2118373500485706,0.8096434820411552,0.7536975382230221,0.4857303915370224
60,1.2823040289247138,2.6060077227078953,0.7834126903460576,1.4756437132501194
61,1.1957974492484689,1.0910320409342773,0.7414850467800075,0.6667058304843739
62,1.2389946554461095,0.8634879487192529,0.7820307418831394,0.6458694965411456
63,1.2017476041602273,1.805602443523896,0.7208858552651528,1.1738502520781298
64,1.3229546574955313,1.2453808662218926,0.7506487417934288,0.9021869821426196
65,1.397270750031512,0.8435283499395746,0.8114828431708181,0.5063293889547006
66,1.0205692241334507,0.7825888056530912,0.670368659700084,0.4719821912610633
67,1.1740091348815167,0.9144590232107375,0.7559178448640383,0.5535857641798818
68,1.0534426042666802,0.7181784640520047,0.6711336539851295,0.4418471037832081
69,1.1567651091987252,2.182184360985063,0.7179506996757964,1.3253755477758555
70,1.1926510038538876,0.9271281748755366,0.7455177230712695,0.6978120396279881
71,1.2843950948654077,0.7128782977915218,0.7236456606123183,0.49167089686434495
72,1.0264082884686625,3.9207577175564237,0.658484149692405,1.8682315645054874
73,1.039104110410071,0.6930612891148298,0.6465924254849426,0.45796807759847397
74,1.0127378016965003,0.7044360945876847,0.6527096269986569,0.4849377315268557
75,1.0689696356272087,0.8075202611776499,0.6795052735724001,0.6003095685926259
76,1.2421764614235642,0.7515368395381503,0.75595822930336,0.5428868022739378
77,0.8160411835226238,1.0338186723554237,0.545582140612806,0.6364264289538065
78,1.2226470260538607,0.6941967530128283,0.76377272605896,0.4366563892262614
79,0.9488566189240186,0.9419371898357685,0.6282481678530701,0.7132475427073292
80,1.0974474131551564,0.7248352867925268,0.7175123077681941,0.5133937041983645
81,0.929850201576184,1.0913439428704417,0.6185485172984947,0.6757410642428275
82,1.043916925151124,1.1705926172753685,0.6716832021872202,0.8600461483001709
83,0.9986815500972618,1.1295647580399473,0.6464546511315892,0.7012362663562481
84,0.99482047990856,0.7565294695206177,0.6564406974193377,0.5528670605431255
85,1.003353783972243,0.7180625169705122,0.658263813226651,0.4385618478314489
86,0.9481923024878542,0.7979436557517092,0.6332810594994798,0.4904977332832467
87,0.933051065247283,0.686024471735343,0.6233314089795463,0.45872736919639456
88,0.9405984962597872,0.7751250562504826,0.6300616373873165,0.47128532100946474
89,0.9659299812255762,0.8114611514103718,0.6442839623007,0.5014839684351896
90,0.944734850500384,0.6933292412859762,0.6291347917837974,0.4367391617379637
91,0.899025253760509,0.8890746633211771,0.587008997415885,0.5497266910015008
92,0.894165276716917,0.7001632895225134,0.6048376728326846,0.434836976039104
93,0.865526580148273,0.7014904715057112,0.5803331488218063,0.49408791589940715
94,1.0154503889572926,0.8152106867896186,0.6705558977575383,0.615401179362566
95,0.9451389409538008,0.7401139909385616,0.6120512862490792,0.45040105143163955
96,0.8169797870338472,1.0515744507822216,0.5507162531726381,0.7923431106102772
97,0.8955434542945307,0.9191024797594446,0.603465334727214,0.5790425432034028
98,0.8488386558671283,0.9016943716595316,0.5669758859862629,0.6898698735440898
99,0.9486605677849207,0.8315664433006548,0.637586846565589,0.5110139311888279
100,0.8417108652428684,0.6726476387080983,0.567601006764632,0.4486442195554065
101,0.8943109535253965,0.6666971842447916,0.6037654583780174,0.4294121948062864
102,0.8035108704342802,0.6685525772408543,0.544106345400851,0.4490249755545559
103,0.8470949410882771,0.990890110659803,0.5729412576581678,0.745622239051721
104,0.8620184374670697,0.7657973537078271,0.5810251737761701,0.572733209683345
105,0.8194654838651674,1.0697348010845673,0.5532221114024137,0.6749508655988253
106,0.8457336165966132,0.6769606139924791,0.5740459291344016,0.4239241880738837
107,0.8180267416004442,0.6603849036061865,0.5577190121014913,0.4250505026589092
108,0.8626307809454763,0.6633721839668404,0.5688311383764968,0.4332066909370259
109,0.7930715922107044,1.2429708486948259,0.5288857033110073,0.7858909974750291
110,0.7899136976299123,1.1730904079910018,0.5266825707040281,0.7459904765471433
111,0.7878544215972607,1.3876425496533387,0.5281926709362584,0.9917001836320274
112,0.8752618712237757,1.1374319531978705,0.5909147068985507,0.7263109699273721
113,0.7567737329209971,0.685406902916411,0.5126687441116724,0.4206428820760841
114,0.7828844892673004,1.251386909912794,0.530049981469782,0.790233547361488
115,0.7927018750427116,0.6865733535880716,0.5400098610637535,0.4894123003523574
116,0.794986901884405,0.9505191521766858,0.5396981567908556,0.6074924341633788
117,0.757850110785574,0.654064769928272,0.5114738205049791,0.41786889107818276
118,0.7684790614323739,0.7091895285834614,0.5193947772694449,0.5164240252258431
119,0.8002322265225598,0.6945842914601676,0.5394823986750382,0.4273623587229313
120,0.7602774095840943,1.3358640120579646,0.5151278880926279,0.8461448504374578
121,0.7297836712792388,0.7975773421617655,0.4849950902991825,0.6117318068814074
122,0.7980838374704378,0.6515479503024337,0.5373229269797986,0.41117880920059663
123,0.7469064422652253,0.6554033705311962,0.5072096570944175,0.41408745422322524
124,0.8026478677733332,0.6726665180972499,0.5372401672041315,0.4169616640632988
125,0.7314087929379227,0.9205691452719208,0.49270214739008844,0.705003873914735
126,0.7496006942202902,0.6554368599357768,0.5082185482367491,0.4187519672589424
127,0.7184443033149099,1.0896441228369362,0.4812197402501718,0.8285571306179731
128,0.7540438269448076,0.6678165994648241,0.5099656551312177,0.46848668603815585
129,0.7462628988119272,1.150404747734722,0.5045076713093326,0.7420319160844526
130,0.7132084084372236,0.7091092026641226,0.4800979418632312,0.43934389643180066
131,0.7086716490423578,0.6561472433754522,0.47607708028239065,0.45224084100152695
132,0.7083303281384655,0.8836624270830399,0.47855687676331937,0.6834864922058888
133,0.7476242503039857,0.6588083678840572,0.5098720154701135,0.45476131255810076
134,0.7086249159442054,0.764619695325183,0.4809669080453041,0.48150566602364564
135,0.7303590975765489,0.6887688764140137,0.4978597653217805,0.43167272846922916
136,0.7041127949188917,0.8192002462525653,0.4739485709076254,0.6265900980713021
137,0.7611813186070858,0.6592531130354629,0.5223060476983714,0.4021884139276977
138,0.6951236459943984,0.641848866501425,0.46849579510525763,0.42100539141231114
139,0.7102336498916658,0.6678965267462608,0.481141398095677,0.4227267725345416
140,0.727694595980848,0.6425180277253828,0.4923527439435323,0.406212495178239
141,0.6846018237435919,0.7109475864304436,0.45911331130908084,0.4405052119340652
142,0.7313421997759078,0.6932111443617405,0.49732683917396087,0.42689793206687665
143,0.6884131533467871,0.7035705694276043,0.4615268424535409,0.44899996070780307
144,0.6811798281139798,0.6520421082137996,0.457151798865734,0.4073632323843801
145,0.6962131103898725,0.6819000292537559,0.47235218862183076,0.4986081153918535
146,0.6947646135957832,0.6418161216454629,0.4682772042404892,0.4019388892711737
147,0.7014595664973952,0.6524535167930473,0.47577778523803776,0.4562739780825427
148,0.709890123615917,0.712279956564944,0.48191655318961185,0.5358630984257429
149,0.6717701750433344,0.6699387912566845,0.4488223266397786,0.416875310942658
150,0.7007721372139759,1.0068131257326176,0.47622671774309927,0.6596136735035822
151,0.665491661709598,0.6312687386814345,0.4440179102950626,0.4182144016282171
152,0.7050231998292809,0.6701399867351239,0.47506051695244944,0.40952962203922433
153,0.6846633540768908,0.6464087114884303,0.46394725640614826,0.39978121666826755
154,0.7130118086297288,0.6903341855758276,0.48853932002670747,0.4353052286001352
155,0.6688614538592151,0.6701872060951005,0.4468523093268403,0.4138149114755484
156,0.6752081656048441,0.6244322904664227,0.45183252804299706,0.40697058092834604
157,0.6512686979566884,0.7408086479219615,0.4351911111774608,0.4650127075166784
158,0.6871886795912033,0.6508692566655639,0.469707442399783,0.4626589137264806
159,0.679503482631129,0.633871054292744,0.460368692365467,0.3923183322971703
160,0.6546206851290841,0.6379033897677039,0.43815020159778434,0.4446678115771367
161,0.6796819231449029,0.6479738219680949,0.4608292103323162,0.40160327665826195
162,0.6675004617780702,0.7970964220853952,0.4491819326694195,0.6211682282961332
163,0.6765739851527743,0.7501070830557082,0.4581689666479062,0.47835973924041814
164,0.6599328202060145,0.6321029940731505,0.4390379231200259,0.4385866331748473
165,0.6700494409116924,0.8145935978644934,0.45324081590032983,0.5299067797823849
166,0.6552720928294027,0.6220987380569817,0.4404478248877403,0.3997252209064288
167,0.6668146181310344,0.6505329779580108,0.45065150785649943,0.47040132070199037
168,0.6673913610796643,0.61815764175521,0.45215573652177793,0.3938037223286099
169,0.6506250291808039,0.6366397847986629,0.4341533321600694,0.4561867487226796
170,0.6565045444374411,0.6657188045672882,0.44445731497218466,0.4943328744325882
171,0.6482515994809631,0.6339593328471876,0.43544422739591354,0.3940706765040373
172,0.6770077780780629,0.6686537566348019,0.45318189110511387,0.4872417213060917
173,0.6588607550176799,0.6263344562970675,0.4427417715390523,0.41224308222786993
174,0.6675826746683854,0.7012145962470617,0.4518137897691156,0.44704149599768156
175,0.6523299678268596,0.6313357353210449,0.4337630381441524,0.39959195842090833
176,0.6597423247801952,0.6361469027833042,0.4442440115997934,0.3988507433324798
177,0.6444805310322688,0.6229564529708308,0.43195662743005997,0.41842946257346714
178,0.6520845739759951,0.6873386675476009,0.44030175810186273,0.43698748436748475
179,0.6586926057297959,0.6225751852377867,0.4422610170311398,0.4196675697453002
180,0.6421122670683086,0.6188160810205672,0.43079331033250207,0.3940373531773559
181,0.6418897779578836,0.6183885962535174,0.43037015403437817,0.41247853025411946
182,0.6541161325752226,0.6186574233902825,0.4422094472962567,0.41070127971151954
183,0.6352201007370256,0.6338837159495069,0.42554223359140575,0.4479732319839999
184,0.6611117374183785,0.6220770516456702,0.44970768358972335,0.4205565116344354
185,0.637202892293278,0.6194838066386361,0.4263836552954128,0.41554354602455074
186,0.6340686869926941,0.6185669221429744,0.4255465314938472,0.4211974029357617
187,0.6641560828583872,0.6273091407413156,0.44977724959707666,0.4349814447072836
188,0.6309989925123688,0.615590028783195,0.4151010765479161,0.40385618678524965
189,0.6479734449814527,0.6167395626887296,0.43902935151360994,0.3974797901434776
190,0.6421640599385287,0.6168955816672399,0.4349228530867487,0.3890145566218939
191,0.6251773554035741,0.6161115391132159,0.42063642541567486,0.42753139443886584
192,0.6219965797713679,0.6186938634795002,0.41846915901216686,0.38851004482334495
193,0.6290642583472097,0.6605565038501707,0.42413139496094143,0.49528153839274347
194,0.6340808427741385,0.6420512757240198,0.4316170442308116,0.4697797196543115
195,0.6215997992927192,0.6333765390082302,0.4172367196307223,0.46544017165135115
196,0.6193642043150388,0.6367080058806982,0.4166085883083507,0.40353816543888843
197,0.6203358196295224,0.6431040155072497,0.4130622151061001,0.4466979824579679
198,0.6367174547452193,0.6031011103564857,0.43301944243602264,0.3864529456338312
199,0.6416531783393306,0.6375663698229015,0.42214743143472916,0.4448138294566391
200,0.6398341997056944,0.6329703376843379,0.4299247303070166,0.3932654903485225
201,0.6451432845021925,0.6729263900182186,0.4324002327063145,0.5012054675155215
202,0.6469163441250467,0.6270612613258199,0.4345877677456945,0.4293403426806132
203,0.6311402320861816,0.6240274465491629,0.420305288500256,0.39263243552965993
204,0.6472820759329021,0.6243847639132769,0.4362707672975002,0.43016603741890347
205,0.6270526219636966,0.6272935816365429,0.4195915053033421,0.39579256910544175
206,0.6217158966594272,0.629743779826368,0.4160160282228747,0.39735090859934813
207,0.6262553010740851,0.6193539495142097,0.4202963776058621,0.39841858291218424
208,0.6327247889632852,0.6486392230050176,0.4273881530150389,0.4731725818581051
209,0.6171829985757159,0.6079461628045791,0.41344777157164025,0.40714642125317174
210,0.6311970661338578,0.6612601736162462,0.42709403593316037,0.4936639849956219
211,0.6303213931556441,0.6086659237869785,0.4252824026804704,0.3957192128540104
212,0.6243010789920123,0.6084049433215052,0.4197529725029937,0.3973346609845121
213,0.617500251174992,0.6174202647983519,0.41315182177429527,0.383376265438194
214,0.6191174069530944,0.6027391104616671,0.414056180888771,0.4109384692632235
215,0.610100025549913,0.6228775471194178,0.40616143743197125,0.4513372292375972
216,0.6159461196671184,0.6177604980448372,0.41317544177047205,0.447299851056857
217,0.6111499679903699,0.5947929152056702,0.40891052591495025,0.3924103794444321
218,0.6078304521039001,0.6076777493342375,0.40752139381873304,0.42966799501679903
219,0.6168039038649991,0.6054356607616457,0.41621830575486535,0.3859439097408556
220,0.607174249795767,0.6187422739134895,0.40616529517703587,0.41011787887312406
221,0.6152531252457545,0.5996001701579134,0.4097527446400406,0.3935861819320255
222,0.6166455274463719,0.6203073803176228,0.41342627823862255,0.3885951177177266
223,0.6201963144489843,0.614323133077377,0.4181219133046957,0.4370917028341538
224,0.6105052665767506,0.6329797980112907,0.4085330662564335,0.3941364619466994
225,0.613653639697621,0.6595096560115488,0.4094437050004291,0.4839486084942125
226,0.6092647418507144,0.6009935680617634,0.4089459547629723,0.3849463465376797
227,0.6218585231874743,0.6287585833133795,0.41968214893952394,0.454731018624754
228,0.6125533568043994,0.605080466494601,0.41159885255699485,0.3865261299487872
229,0.604134611849092,0.5952609469238509,0.40497874907958203,0.3868367384132157
230,0.6078135590267997,0.6071826265408442,0.405571524404053,0.4061252762619247
231,0.6109736070164249,0.5981260662914342,0.41203467942710614,0.40741036513931733
232,0.6201682118778555,0.60895854438472,0.4170746535826952,0.3954733579586714
233,0.6106516448860495,0.6500457858937418,0.40373264011154825,0.4624674872964875
234,0.616033741296866,0.6399126065592481,0.4147132395679115,0.42104944586753845
235,0.6043341995304466,0.6247420517297891,0.40668648201176244,0.4140103502660735
236,0.6021157011517093,0.6256754403440361,0.4041185294970488,0.41750617210681623
237,0.612881473496429,0.5967453394690131,0.4116409242662609,0.40462202495998806
238,0.6055831939746172,0.6043440997600555,0.4073693011051569,0.4072342087060977
239,0.6143131806300237,0.6774646087079985,0.4145468070975736,0.4206436694177807
240,0.6242638375514593,0.6032769827761202,0.416974323682296,0.41010000486659187
241,0.6088609664868085,0.6017781883223444,0.4074867826241713,0.4165474752075652
242,0.6737821606489328,0.790763467295557,0.4063458080984588,0.6151306746352432
243,0.6391548468516424,0.636310048847117,0.4237564628959721,0.4528565195381132
244,0.6284967105612795,0.6166998374665904,0.4182101768306178,0.4269349050318074
245,0.619281688816527,0.6071367847104358,0.41221124010208327,0.39843942874517196
246,0.618808074384673,0.6222420933409634,0.41239266925387913,0.4438447827457363
247,0.6214922681832925,0.608713581521287,0.416697505957041,0.3982244393764398
248,0.6128234442992088,0.6049008096894647,0.41074258190953833,0.3967268158737411
249,0.6085338829419552,0.6502871648368672,0.4067027398154267,0.39624989414826417
250,0.6132420953522381,0.5981819168624715,0.4113655742417034,0.39643487767276603
251,0.6126503934208144,0.61255713711437,0.411732708541756,0.4309625887972677
252,0.6048832989146566,0.6026240482799008,0.40682558473358804,0.39536606679614794
253,0.6031609414479672,0.6017006826706421,0.4049238784190936,0.41004557971261507
254,0.6023964148301345,0.6166880049257197,0.40380225298751116,0.39189192932895106
255,0.6042677273607662,0.6067462596628401,0.407132931244679,0.3919592797756195
256,0.6108651477047521,0.6072830906790546,0.41096756066012585,0.4106011548612872
257,0.6112135875428844,0.6135869917706547,0.4110860580053085,0.39550653864175844
258,0.6123799847231971,0.6150897132535266,0.4096578629607828,0.41542223809111833
259,0.6063838058557266,0.594763974348704,0.40806118698201627,0.3915618897503258
260,0.6017646927099961,0.6004942640280112,0.40567301684974605,0.387829561264087
261,0.6093513076631432,0.5929888940265036,0.40883788440981483,0.39253251496543234
262,0.6108280568041353,0.5949714662682297,0.4095946076588753,0.3953044738015558
263,0.6077589158319,0.6036161036572905,0.40817182695763743,0.4050967550685263
264,0.6025653547710843,0.600433738822611,0.4045527964575678,0.42073864967395097
265,0.5996050921260802,0.5922502541643941,0.4033876339085082,0.39223376986307973
266,0.6030022056184263,0.5979016637190794,0.4053932861385182,0.41503302842123896
267,0.5985588039088453,0.6009878157041012,0.40323177616820377,0.40010885270232827
268,0.5989078408123082,0.6029972393288572,0.4029294425605709,0.3837255045898959
269,0.608627666774978,0.6023744640187321,0.41019548259229743,0.40337956053578955
270,0.6031603825907422,0.59707030093568,0.4050821924311483,0.40520443340652007
271,0.6205563598718399,0.6152943494992379,0.40840916577567404,0.4256931125608265
272,0.6049636459758139,0.6093497716972971,0.40856894239401204,0.3884345456066295
273,0.601833540150243,0.5941062849811,0.4051966606042324,0.39909426549561006
274,0.6024170805755843,0.5945917245669242,0.40563571529510695,0.40704693218581695
275,0.6005989539827037,0.5912112486668122,0.40413049780405486,0.39392168476031375
276,0.6022335563459967,0.6153316008738983,0.4052737064850636,0.38246340094468534
277,0.6038857591457856,0.596540344067109,0.4067363277969197,0.4072972655805767
278,0.5968788933550191,0.5923729082967482,0.40088395354075307,0.4113302898203206
279,0.6048933932414422,0.6043824426129333,0.4085317248972053,0.39066651387092394
280,0.6014744697982429,0.6086172392735114,0.40387709375120634,0.3969643755346282
281,0.6168957523301116,0.6280794375472598,0.40506081270356464,0.45483541030150193
282,0.6046878726054461,0.6033923340658857,0.4080228667992812,0.38940339643731076
283,0.6028761884086152,0.6165760561951206,0.40470014958300143,0.4252757544700916
284,0.6041815044024051,0.6065283629119905,0.40747879763953704,0.38515732711196965
285,0.5997173200305711,0.605042932379959,0.4042473348796877,0.3872739985967294
286,0.5978262595131866,0.5947254947108082,0.40270557490169495,0.3870228870302184
287,0.5991041306247059,0.599594785616948,0.40370682518706363,0.3922133608760997
288,0.5986337712687305,0.5989120383547921,0.40318958677797234,0.41080849522199386
289,0.5990534572519808,0.5932226214143965,0.40330531454493856,0.3880360656314426
290,0.5984337098068662,0.5958273874388801,0.40335681525051087,0.3859964644807017
291,0.5976283415260478,0.6140707035859426,0.4028437331191495,0.3936100232804942
292,0.5994239750071468,0.5971090546530536,0.4027663943095085,0.4195169508457184
293,0.5983036229243646,0.5905516376862159,0.402550007797714,0.40385908652574587
294,0.5965048759920984,0.5910319199419429,0.4020019033525744,0.3874563116293687
295,0.6020684517346896,0.5936694624077561,0.4055246112183628,0.41143782169390947
296,0.6007231005236634,0.5996515078422351,0.40408722228474087,0.41546069989856493
297,0.5973630142517579,0.5937073032061259,0.4019180266266195,0.39044443944580537
298,0.6058355501064887,0.5964888428520952,0.4068754773873549,0.3913308664774283
299,0.5997445509474502,0.605470599527033,0.40412307906354594,0.38660532541764087
300,0.5986855687239231,0.593120804709247,0.4029613458193265,0.4074922856102642
301,0.6061984170705844,0.596748971276813,0.408416302030922,0.41111285844419754
302,0.5998538750359136,0.5962952344845502,0.40382450691655153,0.3847776939216842
303,0.5973693764107859,0.604333966715723,0.40174982817763955,0.39093092364123744
304,0.598320701947579,0.5959989673052078,0.40338457547701323,0.4126088820461534
305,0.5985489721991059,0.591294578762136,0.40279037830157155,0.4053083459536235
306,0.6064510488102579,0.5985138451951182,0.409239477581448,0.39222650522859687
307,0.6143015893096597,0.6296918646902101,0.4027742707831228,0.4609205687147939
308,0.6023164740485004,0.5915714619506118,0.40586694438233334,0.39653382953415567
309,0.5952373949381021,0.5899356629094507,0.4001012146472931,0.3887102224378504
310,0.59310609407914,0.5905631520809271,0.40009181570803,0.40371202123470795
311,0.5981674033861893,0.596684616855067,0.4032178345399025,0.38616230498012316
312,0.5985841967611232,0.5885881198267652,0.4032724871594682,0.39208332060748696
313,0.5970699960349971,0.6279190992697691,0.40200462198665,0.397267326585248
314,0.598146645941286,0.6078691046971542,0.402907133102417,0.38720194345865494
315,0.5995946124068692,0.5950277636193821,0.40413977957179403,0.38834297478708446
316,0.5937040626493275,0.6167920213988703,0.3997570087767055,0.4441052950345553
317,0.598127120325708,0.5971466774105006,0.4025484180857993,0.40871843033366734
318,0.6001077712091625,0.589881473626846,0.4019181117033347,0.3945155339872735
319,0.6014026281161186,0.6112497482034895,0.40436905800786793,0.38728547147196585
320,0.6000009416005551,0.6007340662499778,0.3998209569189284,0.42645441390510297
321,0.6006371977492275,0.59203849796556,0.40562547246615094,0.39774171511332196
322,0.5979907848896124,0.5947767131858401,0.4025015922693106,0.3858473851130559
323,0.5986332401760623,0.5993654465573466,0.4015307930799631,0.4027227891816033
324,0.5958322599912301,0.5898136305503356,0.40074255909675205,0.4051733671599983
325,0.6022323352149409,0.6060297950210735,0.4058731791810093,0.4296369221475389
326,0.5939367140969659,0.5913494091767532,0.3999505967665941,0.3860359591806037
327,0.594198213937955,0.5937466030446892,0.3997126692890102,0.4136071872507405
328,0.5993340639477103,0.5906880352741632,0.4031250764671554,0.38795679349165696
329,0.5942839712668688,0.5913891216628572,0.4004440631112482,0.3929205911281781
330,0.6025296938725007,0.6013501411319798,0.40446059953453195,0.3969872675390325
331,0.6030967006316552,0.5915379559891856,0.4024512821283096,0.3955230335903983
332,0.5955432253515619,0.5930995482664841,0.4006974666546553,0.3849292313441252
333,0.6008169701975635,0.5967968106269836,0.40267247547451246,0.3919110257401426
334,0.6002973998204256,0.5885050238197685,0.4039614024834755,0.3938380225091918
335,0.5939340204255193,0.5890120744195759,0.3993622561295827,0.40528092093956775
336,0.598873728615606,0.6089721513100159,0.4030538081613361,0.41076524848611945
337,0.6043170453646244,0.6020608850014515,0.4051438149733421,0.38989433416953456
338,0.6035029460222293,0.599333731791912,0.4035813349943895,0.40360404945846295
339,0.5943816350056574,0.5960128648668273,0.4005021007142515,0.39228516587844264
340,0.5972770269100482,0.5881148660794283,0.40086635310425717,0.39788298168752945
341,0.5991104569954749,0.6037781427049229,0.4022925954598647,0.41586901081932914
342,0.597206292498825,0.6091919087956095,0.40121781851491356,0.4240345200921735
343,0.5966587637224768,0.5915004962529892,0.4015281185125693,0.4110439078420655
344,0.5948248177002637,0.6028403509885837,0.40016781213956004,0.38843906333303857
345,0.5984444376240429,0.5898502392646594,0.40138460173566115,0.39857625502806443
346,0.5939982558926965,0.6119063756404779,0.39997539535546917,0.42317422052733916
347,0.5927252812772734,0.5889023514384897,0.39816386730243,0.4009270479536464
348,0.5946455957033695,0.5995802497252439,0.4005396801691789,0.3828623582664718
349,0.5973660856740087,0.5923728020782144,0.4002020567910284,0.3983625387534117
350,0.5990837331001575,0.5891367563834558,0.40230870578024125,0.3948076071902218
351,0.5978270155242366,0.5931985350246103,0.40150228295570767,0.4108606548900278
352,0.5948572579102639,0.5859208425395509,0.3990838313714052,0.3942111827369429
353,0.6050172060982794,0.6083504733366843,0.40279023005412173,0.4351781344311869
354,0.5979283564111106,0.5921436978711022,0.40206661973244107,0.41150071401881355
355,0.5951243608425825,0.5903605411195347,0.4002974886670072,0.40293970831439024
356,0.5978252701779716,0.5932903027432597,0.40227295267276275,0.39938193330397975
357,0.5990750387183621,0.590845964403234,0.4029549311878335,0.4080634038163047
358,0.5976436260419015,0.5875050884026748,0.4021683039828243,0.3901077358641176
359,0.5959788874173776,0.6080091162624522,0.4006984409613487,0.38625134285698587
360,0.6042605093401722,0.591817191013923,0.405007090833452,0.4061743940553095
361,0.5926669018390851,0.5993502613825675,0.3977047090346997,0.41585720986382574
362,0.5978825688362122,0.5860548393848615,0.40186381925884473,0.38757504688368904
363,0.596497277673493,0.5891838764023577,0.4001510301206866,0.40349854567112065
364,0.5947721483361008,0.5934399083638803,0.39782683156494403,0.4145329599706536
365,0.5955147931718419,0.5982744166484246,0.40098523049273044,0.3885777521337199
366,0.597936971574767,0.6142164145269965,0.4013221139072353,0.4364029742204226
367,0.5949640943963304,0.6183699501885308,0.39938556613066256,0.44042586006669915
368,0.6074190109204023,0.6179964012569852,0.40414241414803725,0.4308218477118729
369,0.5980112229147528,0.5869917754943554,0.4012920362317664,0.4017176077916072
370,0.5939721997477051,0.5859256875820649,0.39909486026845425,0.39790863231715995
371,0.5956929848234878,0.5944056707060236,0.4011987725384215,0.38331950933505327
372,0.5943052862953936,0.5874693375876826,0.3999640898317353,0.38652001614244574
373,0.5987813195102235,0.6114201820813693,0.4029003132102836,0.3903742045418829
374,0.5944346230254214,0.5922966630030901,0.4007147163407415,0.4063423410949544
375,0.5958463292346041,0.6009352125673213,0.40080584904067534,0.4142378813181168
376,0.5997803669709426,0.6239953303438985,0.39973940910437167,0.4376060203609303
377,0.59229531731361,0.586976806832175,0.39882680238821566,0.3928732523041913
378,0.5922564601796305,0.5873893909474723,0.3983437054687076,0.4039109502083216
379,0.5913875910461458,0.5942663512168787,0.3972110037620251,0.40694890954555607
380,0.6000374792478024,0.6056311698550851,0.40441731866608316,0.38478921748634076
381,0.5960659010288043,0.5888419696408459,0.4005513573304201,0.38411046577315044
382,0.591984698915074,0.5869857595007644,0.39746918000726617,0.3913841937851702
383,0.5913836270825475,0.5875568476497618,0.39807732849039584,0.38913040945672583
384,0.5962215929459302,0.5949974857334398,0.4010184172891144,0.40581871123395413
385,0.5961477073848757,0.586627298185968,0.40053218042748606,0.3873547305408706
386,0.5917477011680603,0.5884384360068884,0.3983857221583016,0.3924046859272525
387,0.5962449233246665,0.610568721834411,0.4007397752541762,0.38181270722650057
388,0.595864527245872,0.587083119357753,0.3998988423592005,0.3892561811157781
389,0.5914069261306372,0.6032643402234102,0.39739104341237974,0.38626924004310215
390,0.5931633209061419,0.5852468696414915,0.3981675554035056,0.40008285463365734
391,0.5912359759338901,0.5878556166958605,0.3980967960296533,0.38731178055461657
392,0.5928015558638124,0.5902138003426739,0.398653054339254,0.3845239060047345
393,0.5947771189559219,0.5855216715070937,0.3997299620228955,0.3904728833426777
394,0.5955639308334416,0.5986878530591981,0.39827308873844963,0.4169464651336018
395,0.5918708708551195,0.5869282476412945,0.3980229789884681,0.3859945889721569
396,0.5951987800435123,0.5926583954411694,0.4002640232061728,0.3928326162008139
397,0.5915334224700928,0.5856242933843889,0.39829350052735746,0.3939825609708444
398,0.5990738578331776,0.5907047019045577,0.40340920569550276,0.4115092356999715
399,0.5933791832027272,0.5912336021916479,0.39932878251768583,0.39225248852346695
400,0.5924256066990714,0.5936516006278176,0.3982713991760189,0.38109569518994063
401,0.5983156625531677,0.5956414130508391,0.4000388401695806,0.4119627508852217
402,0.6078092066141275,0.6993354016389602,0.40297372193417996,0.511331654766686
403,0.5991686019632552,0.6144392039531317,0.3993182928643675,0.42186075831070924
404,0.5905418362882402,0.5860124803506411,0.39739615183610183,0.3911633430383144
405,0.5943589065319452,0.6250053165305374,0.3996940379978245,0.384140824405556
406,0.596050639437814,0.5978960657221639,0.3999906042192736,0.3902704667331826
407,0.5920521321459713,0.5895234815075866,0.398612275847003,0.3941657731675694
408,0.5930631234605088,0.5905263021460965,0.4002944220844497,0.38204155976955706
409,0.5934224426746368,0.6019835426257207,0.3985461083232847,0.38182965761575943
410,0.5947346272122147,0.5946037616485205,0.3986925969266484,0.41179545669474155
411,0.5984272895715176,0.6057461698849996,0.4018650138989473,0.3969775522366548
412,0.5947558696453388,0.589533156564093,0.3987940628813882,0.40045483626871026
413,0.5984342877681439,0.5987180636988746,0.40048102435902655,0.38469930617218345
414,0.5888290853581877,0.5883506004117492,0.39711523922080666,0.3942311615006536
415,0.5949313179550008,0.5927956585700696,0.39997529117470115,0.41977887759860766
416,0.593773320189908,0.6267832132995638,0.3993014461464352,0.4452716328649439
417,0.5958437216587555,0.594327545318848,0.4011713159389985,0.4121297090990931
418,0.592366971521296,0.590300734481241,0.3990774399194962,0.38706347346305847
419,0.5929622313915155,0.595315419201158,0.39913245729911023,0.39190981301487
420,0.5968134599363702,0.5921274105198363,0.40015491817751503,0.39933921638717
421,0.597337940055081,0.5980702437396742,0.40065368042032945,0.3862156381464412
422,0.5977095429204468,0.61822383882653,0.40038875636891424,0.4461688014686617
423,0.5974372959035075,0.5938819944858551,0.39995469165663433,0.40024479867046714
424,0.5953531356958243,0.5940739486971472,0.39837634996471244,0.4123970540160807
425,0.6692735728545066,0.7297787793681153,0.4037453955055302,0.515736881739054
426,0.6075283181972992,0.5930100781285864,0.406394219551331,0.38924029647794545
427,0.6028217543394138,0.5927372587542249,0.40160910263020766,0.4078666580538464
428,0.5980770447824755,0.6058402160803477,0.4001511103577084,0.3892268319415231
429,0.6040284040137234,0.6208693382577,0.4037484651447361,0.3967884748409956
430,0.5979482024653345,0.5980652606385386,0.40073361712643224,0.4189146884486207
431,0.6060509600191035,0.6020278270937439,0.4054735628967611,0.4204008383119208
432,0.6008895500602885,0.593083707185892,0.4033915026065631,0.4048839002592951
433,0.6001936383226998,0.6200116207966437,0.39913218602156025,0.4391015365592435
434,0.600510815015206,0.593431932803912,0.40350026146978396,0.4096704520221449
435,0.5939958676313742,0.5886874552975353,0.3979265267013485,0.40635864576722824
436,0.5943812292355758,0.600685831063833,0.4007304519669622,0.39805454983670485
437,0.5971299305430844,0.5886320886958358,0.3997031063096136,0.39602329460983604
438,0.5987269267057761,0.6097035224621112,0.4008332269314008,0.3838798826576298
439,0.5953586544746008,0.5856078358796927,0.4004717624595023,0.3960474365287357
440,0.5943738779960535,0.5899204502248356,0.3988062548331725,0.4082091432860774
441,0.5965987072031722,0.608886759250592,0.3994794676446507,0.4307544888594212
442,0.5961087442870833,0.5886956323415805,0.4006414306469453,0.3977934257087544
443,0.6595673405716562,0.8188691719984397,0.396598831201211,0.5509550352381845
444,0.6003826370096614,0.5907011027010078,0.4028991906561403,0.38784412542978924
445,0.5924255873402978,0.5854903874743698,0.3977478449670678,0.3879680585147988
446,0.5879684088067112,0.5890951793417971,0.3954597747224009,0.3891718693268605
447,0.5901156691913931,0.5901399354139963,0.39625855618053013,0.3885302905343537
448,0.59424436194265,0.6304373292841463,0.39658198652104437,0.45046167444979024
449,0.5965199317687597,0.6089222102593153,0.3997331210690686,0.43830668977183157
450,0.5915489507536603,0.585412063405045,0.39790453921016466,0.3873438292588943
451,0.5932907729576795,0.5858198447614653,0.3983883536778964,0.38585461994521636
452,0.5934401159612541,0.616281270980835,0.39824990456939763,0.38523734252677005
453,0.5932055915522779,0.5873195080675631,0.39868161362460536,0.3995949078319419
454,0.5913001793062586,0.5900201384837811,0.39657451963832235,0.41180700675035137
455,0.5892694442190676,0.6075697976809281,0.39701654895758015,0.3819382580427023
456,0.5971841368919764,0.5891596466048151,0.40002544975688314,0.4080180747386737
457,0.5908420017132392,0.5900945064858494,0.39766124731455094,0.4047635551701244
458,0.5913471019166148,0.5859023679015983,0.3974966697203807,0.3999167904894576
459,0.5903548453098688,0.5855401041161301,0.3973489143909552,0.3988697281760028
460,0.6006667379640106,0.6049158433054247,0.4020572016891251,0.4378462920331547
461,0.6018643944691389,0.5952339172363281,0.40360095842271787,0.3961933471708216
462,0.5895192039828016,0.6022270484867259,0.3959072583760971,0.4143370010404505
463,0.5989933342505724,0.5943597455819448,0.40250176089441675,0.4006201331941491
464,0.5913468484695141,0.6031131767309629,0.397015381572593,0.3835920716962244
465,0.5929474201467302,0.5904361580172156,0.39902667841340744,0.38562712990320647
466,0.5914256465740693,0.6097674120185722,0.3973206765631325,0.4435266549261207
467,0.59412126434155,0.5904794314987639,0.3992425430024791,0.3824575502648313
468,0.5970046234945966,0.6038400100337135,0.40032616868997234,0.4327415202417944
469,0.5927990427893451,0.5848273525380681,0.3979878838245685,0.3891463014814589
470,0.5928525025518532,0.5956748897193843,0.3971402797943506,0.41738693301494306
471,0.5934998609571376,0.6062358337589818,0.3987994886871077,0.38120631606150895
472,0.5922126729264219,0.5847723613946866,0.3978306844703153,0.3928641093592358
473,0.5926877894462683,0.5908048007732782,0.39774792545881027,0.4079492853747474
474,0.5883701048855089,0.5861355738762097,0.39611518383026123,0.38935384383568394
475,0.5902506943441864,0.5919005076090494,0.39774070030603653,0.38358140679506153
476,0.5902851651876401,0.5999755161440271,0.3968608257098076,0.39036649516505056
477,0.5980142861859411,0.6128996327901498,0.40107991909369445,0.3843891215630067
478,0.5913367388594863,0.5906000389502599,0.3969979737049494,0.40645226454123473
479,0.5911805392839969,0.6115751126383104,0.39783812919233597,0.3804156413445106
480,0.5955928485108237,0.5880215453286456,0.3993994099462134,0.3824404768454723
481,0.5915043761587551,0.6228937448089958,0.3960596351032583,0.4509854938229944
482,0.5961961081394782,0.5885378168179438,0.40002571186448777,0.40788124055943936
483,0.5893422808402624,0.5874623643536853,0.39677313173938,0.3837371320805998
484,0.5909964961883349,0.585997167051348,0.39701264587223023,0.4031461711622711
485,0.5907275773521162,0.5915881530341939,0.396594248775743,0.41461115311353636
486,0.6047689336487371,0.6011888682842255,0.4011917766342815,0.4149549389496828
487,0.5948095657886603,0.5881463307091314,0.39788047498107976,0.40308719185682446
488,0.5954062752744071,0.6041234948186793,0.3995282667824346,0.3827528698831542
489,0.5911767098129305,0.6116720804801354,0.3964336664758177,0.3900258309311337
490,0.5944062647147056,0.5863516091281532,0.39781918841549474,0.401773072206057
491,0.5896816910841526,0.5883312452043223,0.3951314916977516,0.4096295808115576
492,0.5907607878375257,0.5840963919957479,0.3976749270899683,0.39624642867308396
493,0.5967345515377501,0.5912034987893879,0.3994776423160846,0.38328233641436976
494,0.5922834506401649,0.5860630920809559,0.3972143632733924,0.3989965184631511
495,0.5934700904748379,0.5846557156143025,0.3968730199540782,0.3966928570189028
496,0.5954173994369996,0.5898165585648301,0.3984958572774871,0.38679306119935125
497,0.5892734800139044,0.5952163942349262,0.3961084013820713,0.3804306989042168
498,0.5885882670553322,0.5835328147961543,0.3962105596676851,0.38937559188940585
499,0.5944521727724972,0.5885708856786418,0.39936800186450666,0.3826694883342482
500,0.5901933702138754,0.6204670298303294,0.39627019946391767,0.3843142588933309
501,0.5979565552666656,0.5886229098352611,0.39914798660156053,0.3977794700708145
502,0.592401027934164,0.609341059739773,0.397925142549042,0.40440132246058214
503,0.6012627976572412,0.5885527243471553,0.4035394787788391,0.3852575556335286
504,0.5929863424892099,0.5947947952991877,0.39708546568185854,0.39644661698585903
505,0.591868970129225,0.6075744514281933,0.39724303540001565,0.3807566751781692
506,0.5905359257490207,0.5890065930847429,0.3971930688772446,0.3947075870301988
507,0.59990403158033,0.5848115392220326,0.40139646305997145,0.39460682919901663
508,0.5910290787872087,0.6188329631446773,0.3977526189425053,0.38541205749552476
509,0.6022185290980543,0.6495956083138784,0.40137762671861893,0.4703992974554372
510,0.595028618716786,0.5871674797983251,0.39909801345605117,0.40054500536022025
511,0.5867032592113202,0.5853151612811618,0.3947432160886944,0.3929957357736734
512,0.5916582325584868,0.5863091920176123,0.39663225616145337,0.4030091329517528
513,0.5892000096475977,0.5952081698128301,0.395836967178899,0.40633373408236056
514,0.5972990908174434,0.5917788919730064,0.40092636733992487,0.39356599888231003
515,0.5915533469782935,0.6205793239622035,0.39792449453957063,0.43085921523917436
516,0.592181963288886,0.586365817194311,0.39736079380043554,0.3862696880968208
517,0.5907813952519343,0.5912409485914768,0.39711608744075155,0.40783296207077485
518,0.5922336473933651,0.5914238772840581,0.39784761932161117,0.3817137813466227
519,0.5924736826847761,0.6059519192601881,0.397176036467919,0.3825426998301449
520,0.5970315752375839,0.6091506139844911,0.39707763735045737,0.42150486789198005
521,0.5930454160413171,0.5898036880370898,0.39778334921241826,0.4120056708144326
522,0.5957223818852351,0.5927900654128474,0.4004692040447496,0.3841882370985471
523,0.5904342623857352,0.5873013525946528,0.395465770847777,0.398181242056382
524,0.5988513717794011,0.5866849947179484,0.40136008996229905,0.3928505887842586
525,0.5948175739528786,0.6105268824304271,0.39922059601188725,0.41537578391213703
526,0.5977590519648331,0.6333245077194312,0.4013946988643744,0.3879963824382195
527,0.5919256778354318,0.5993649793995751,0.3958540961273715,0.4107897388629424
528,0.5933484427439861,0.5874564787770948,0.3984187426220657,0.38748733202616376
529,0.5851901968320211,0.5842266992116586,0.39356971092713183,0.38710256901561707
530,0.5961175601706545,0.5924210003298572,0.4004839195145501,0.3839166276475303
531,0.5920412015711141,0.5832619975265275,0.397308191173097,0.3894399312826303
532,0.58826651226761,0.5840355361628736,0.3952736930969434,0.38692210321752435
533,0.5870986399996994,0.5854178386875707,0.3943743288007557,0.3910929937647958
534,0.5895780992304158,0.5835532591893122,0.39638373484978306,0.3918291345620767
535,0.5938161751653395,0.5912092852796245,0.3989508671638293,0.4122135886269757
536,0.5927908178578075,0.5844557030588133,0.39905332194434273,0.38684501530777693
537,0.593778262535731,0.5962254723422548,0.39754430402038443,0.42167364430223775
538,0.5969786419827714,0.5981010657090408,0.40138566825124955,0.3849449310547266
539,0.5930334895085065,0.6655669933200902,0.3963716468240461,0.4664622374579438
540,0.5915657159609672,0.5865329496371441,0.3969239348020309,0.39486656815577775
541,0.5960608448228265,0.5864499196028098,0.3984764529089642,0.4012842081550859
542,0.5924576284029545,0.5949714553152394,0.39774121102104837,0.3815913554440197
543,0.5943195060787038,0.6077216422965384,0.3982464643115671,0.4314630324514503
544,0.5880660417242947,0.5911444828041599,0.39533154246134633,0.3918467655650571
545,0.5976483628281162,0.5839082557930906,0.40078487610205626,0.3866907758081061
546,0.602942200552704,0.5963924975476713,0.39831867686703676,0.41641041356274205
547,0.5894413618450491,0.5918765577495607,0.39621231265557116,0.41266429144093114
548,0.5907881672565753,0.5849303447792673,0.39638880914093083,0.3839837676948971
549,0.5876579327970488,0.5932383944845607,0.3944944275750054,0.409674029574435
550,0.59060384804367,0.5839982251835685,0.39648550876185423,0.39178044393531275
551,0.5926203223375174,0.5903084415655869,0.3966856958010258,0.3976088448976859
552,0.5944020124072702,0.6067265292518159,0.4006296956641042,0.43653897469879216
553,0.6035941095433683,0.6055188683363107,0.4045659833484226,0.38385490983979315
554,0.5911867865639874,0.5882921361515665,0.396065213996121,0.38293598706905657
555,0.5916587802080008,0.6065211283345507,0.3966223834416805,0.43065650671975225
556,0.5930009606557015,0.5925198574351449,0.3983150417478675,0.41241361824875206
557,0.603893033714376,0.5871152508462596,0.40388222026009846,0.3823887700708503
558,0.5897918588075882,0.5845984681549236,0.39531823024790513,0.3861616707255698
559,0.589643833728937,0.5870209804966918,0.39623454646167594,0.3894257153201307
560,0.590706816341123,0.5903972280331147,0.39709837059689385,0.40873683110261577
561,0.5922685810643383,0.5912868729513935,0.39710616657876563,0.3836224344041612
562,0.5986790086469079,0.589424305746698,0.4015147349773309,0.3851885933142442
563,0.593315189720219,0.5920276904208028,0.39685206739311546,0.4116193456018073
564,0.5945882804882832,0.5858129866612263,0.3974298526588668,0.4015063913459452
565,0.5891249523713038,0.5890879483304472,0.39522011667235285,0.40470146547015917
566,0.5950980642412462,0.5916692637480222,0.397363903430792,0.413186906494646
567,0.5918239696413023,0.5916399499799452,0.39777518948938095,0.38038336568408543
568,0.5936261736429654,0.5948196782006158,0.3990404348597567,0.4172548740847498
569,0.5900117118134458,0.5980832818736378,0.3965207328144302,0.39023118523451
570,0.59178406968076,0.5939372589445522,0.3977248273853563,0.38168612682921255
571,0.5910164033755277,0.5847511834059006,0.39593430640351057,0.39283688098956376
572,0.5891752439176935,0.6095818197115873,0.3961484134197235,0.3849720366490193
573,0.5914974003775507,0.6000577369306841,0.3974074970962655,0.4290228539552444
574,0.5910575782131945,0.598286826386411,0.3982914436576713,0.3852290839720995
575,0.5913466877407498,0.592492034037908,0.39769146585056925,0.3897548261870686
576,0.5947864896211869,0.5916972055903866,0.39826279929560476,0.38595398165221906
577,0.5923552508028145,0.5935833935554211,0.397904634475708,0.3806052078039218
578,0.5975088981481699,0.6026570570265126,0.4002372614848308,0.38163808803273064
579,0.5975838201677698,0.5868276543596871,0.4001374677715138,0.38849250501037663
580,0.5868311399578029,0.5976881354283063,0.39456912340261996,0.3942034117177001
581,0.5929620877290384,0.5952350527812273,0.39748986307372397,0.3846142579857101
582,0.5979784584452963,0.6035935738657274,0.4018588119592422,0.39148362757813215
583,0.592705227370955,0.5857011622343308,0.3972011796939067,0.39014619970932984
584,0.5893744314328219,0.5869002984120295,0.3956299923424028,0.3889602776776012
585,0.5880002453286424,0.6021297459418957,0.3951786570569389,0.38514293055249077
586,0.5922056930696863,0.5982964606876047,0.39757792664389324,0.4232183918993697
587,0.6015911176163926,0.5850690514103979,0.40090070142705214,0.39229888742805546
588,0.5955268024888813,0.6113841528566475,0.40092466249425185,0.40267580034386397
589,0.596248452225302,0.5913438965112735,0.3986928857799269,0.40702490648652756
590,0.5897502901717129,0.5927709514259273,0.395837333976713,0.3801295421062372
591,0.5925186551534213,0.5843554750466958,0.39739118070683926,0.395769465682853
592,0.5960489236391507,0.5845259142737104,0.4002177536997021,0.3860103233247741
593,0.5892385280030406,0.5916502271961962,0.39572166479550874,0.40753134524720347
594,0.5907143453756968,0.593321642305097,0.39717047897159546,0.38680085285097104
595,0.5894889266063006,0.6094477230157608,0.39569399295709073,0.39147424162962496
596,0.5920088800609621,0.5983826828818036,0.39785906850782216,0.3823045474341792
597,0.5912400764277858,0.5940608104579469,0.39673301042654574,0.41149323261701143
598,0.5886461938548292,0.5904551548326117,0.3963062931329776,0.38129632289593035
599,0.5917035353998853,0.5868009838283571,0.3966055232235509,0.3840249662215893
600,0.5886637514982468,0.5860127126559233,0.3957273384444734,0.4007676656429584
601,0.5974860904563186,0.5864657247677828,0.40148551469175225,0.3996430913097838
602,0.5902045977930738,0.5921340187390646,0.3956239809337844,0.38600372147356343
603,0.5898056883587797,0.590989867846171,0.39535339367695344,0.39015891664048546
604,0.5871643969136425,0.5930354141781473,0.39457316098050177,0.4137170352996924
605,0.5938410244436345,0.6004318844558846,0.39899134279316306,0.38489820457931256
606,0.5870335451048664,0.6036216580969656,0.3946788502045167,0.3834361844083183
607,0.5934199397889977,0.6257469664272081,0.39950027705257773,0.3888721203702128
608,0.5929560959339142,0.6098185869363638,0.3975276674470331,0.38086677794782525
609,0.5929940862533374,0.5932830230802553,0.3992926699992938,0.38180350544106245
610,0.5885875332049835,0.5845261965042505,0.3949277902770246,0.3852485339356284
611,0.5990817605430244,0.5860073548606318,0.40046258156116193,0.387856793964011
612,0.5897754311052144,0.620472974756844,0.39658862250482935,0.3872525877932198
613,0.5921957671132863,0.587278790708281,0.39723280454293275,0.3979834700242067
614,0.5908039910161597,0.5869113660266256,0.396672936840954,0.3830535498439756
615,0.5942235930353148,0.5904897400456616,0.39763748824086964,0.38699287812933963
616,0.5927342324175386,0.5857247605792477,0.3972695373062395,0.38373373283280265
617,0.5892614691685407,0.5963482184287829,0.3958232960639856,0.4192315742500827
618,0.5946473942862617,0.599321310591494,0.39793418819068843,0.3854049658164
619,0.5932316662918808,0.6462217233119867,0.39848983134978855,0.3940762388400542
620,0.5929807057747474,0.5965918037626479,0.398164906562903,0.3917262307089618
621,0.5941700566018748,0.5903597675327562,0.397539286277233,0.4148949033174759
622,0.5893241324995317,0.5867519011864295,0.3965223006203643,0.39588107130466366
623,0.5927897429364359,0.5886497102741503,0.3981100453270806,0.39504618955473614
624,0.5977842033418834,0.604185116596711,0.4003562354124509,0.39109427730242413
625,0.5941858892766838,0.5894070866270962,0.3986586057222806,0.3990888060667576
626,0.5899288700177119,0.5862676470707624,0.3970850104959602,0.390953633775059
627,0.5916969689548525,0.5842925017206078,0.39747237853514844,0.38834704904474765
628,0.5925020682506073,0.5833184426156883,0.3981498808432848,0.38907646470599705
629,0.5948404623911931,0.6032633022365407,0.3962386953525054,0.4193580583629445
630,0.5923666773188827,0.5833411825518323,0.3979715725295564,0.392537133815961
631,0.594685301821456,0.586737047148566,0.3968371685244079,0.39913140122707075
632,0.5929762412849654,0.5903649549198966,0.39909590411389995,0.38225227212294555
633,0.5898672197109613,0.5996901122932761,0.395725248206375,0.4216626841797788
634,0.5897779072451795,0.5844179310350337,0.3955378598637051,0.3989421829708621
635,0.5891916365959705,0.6129085897889912,0.3963318291382912,0.38357885933329916
636,0.5941047673551445,0.5896013745894799,0.398952454328537,0.3848929288040878
637,0.5859727187034411,0.587868049613431,0.39455787722881025,0.383564562879057
638,0.5872499499565516,0.5898213391630058,0.39446389955333155,0.38605174880761367
639,0.5889777085210524,0.5866983797815111,0.39554791419934004,0.3961263357574104
640,0.5933529018846333,0.6091105349552937,0.397690209822777,0.43353311017028284
641,0.5914363769384531,0.5829498849363408,0.397777211971772,0.39452532621530384
642,0.5908401425068195,0.5871935275375334,0.3965926651771252,0.3875421117513608
643,0.5901952890249399,0.5968826069281652,0.39512444790611917,0.41855554218985075
644,0.5908997326325147,0.6196384761068556,0.3967620669267116,0.38233822431319797
645,0.5928542417848212,0.5852839055224361,0.3975963844702794,0.3876359760761261
646,0.5956997983476036,0.5880200745712998,0.40054834882418316,0.3910150293611054
647,0.5923795007232927,0.5865817276331095,0.39736988936733997,0.3880277304058401
648,0.5942577307040875,0.583507710797155,0.3995054692794115,0.3866578312511118
649,0.593451686649241,0.5839885233813881,0.3978245100404462,0.3863183415343619
650,0.5900924366254073,0.5849787187881959,0.3976412868907309,0.3930615212163355
651,0.5948454775871375,0.6004428219082009,0.3978423460935935,0.4167406153984559
652,0.5924101892190102,0.5864751535093683,0.3979356202304873,0.3976747141434596
653,0.5926859345701005,0.5913131639488742,0.3981401955979502,0.38451292015548444
654,0.591442926062478,0.5905354634309427,0.3975663317574395,0.38072294226059544
655,0.5883988600510818,0.5833941932417389,0.395162836354003,0.3905610246026618
656,0.5978478937067537,0.6122099685872722,0.40146099120123774,0.39854758952417946
657,0.5968204764728873,0.6057256964536814,0.3993733099892608,0.43263498712808657
658,0.5953061188388075,0.592697063062945,0.3970951422666892,0.40554782264253014
659,0.5927360661518879,0.5889419882725446,0.397105243216213,0.39134769587435275
660,0.5963981146486397,0.5946985060333186,0.3999448074744298,0.4209172290105086
661,0.5909522053522941,0.6335546264791081,0.39435259653971744,0.4470955352497916
662,0.5910499299693311,0.5849016563505189,0.3970647535772405,0.4000165039657528
663,0.5907697058640994,0.5939623751701453,0.39709643471954215,0.4151276714271969
664,0.5898837928588574,0.5968872509960436,0.39626030534760565,0.4186229782226758
665,0.58850185916974,0.5875038519883767,0.3951749796541328,0.38650786163460493
666,0.5915272378513956,0.601804360619977,0.39613937338193256,0.42172298930649066
667,0.5927936518803621,0.5902272959550222,0.39829043369007927,0.4093636299809839
668,0.5939790547912956,0.5904249268719274,0.3978688240560711,0.40770653017565733
669,0.5999433209753444,0.58456568305309,0.40256935230687135,0.39161230891178817
670,0.5894903184002281,0.5902337077845875,0.3953096459054539,0.4062293176977044
671,0.5932552366175203,0.5848197842765058,0.3989997411895002,0.39218830629291695
672,0.5924266225252396,0.5889443207500328,0.39700861975678015,0.4019859726102943
673,0.5885150302679111,0.5837210098392943,0.3956815101142622,0.3851933688180059
674,0.5904429588052962,0.5866334784744133,0.396276283213216,0.3828186858923007
675,0.593055258704047,0.6294227232280959,0.39733385504820407,0.42900089244557243
676,0.5941321090755299,0.58737727566662,0.39967688179423666,0.3915413197798607
677,0.5937033639504359,0.5941055906124604,0.39639811663546115,0.4176017568152175
678,0.594583210017946,0.590811539409507,0.3988572613805787,0.4056122527163253
679,0.5980774788265555,0.5912514267823635,0.3992648939801078,0.4066404521974743
680,0.5982885735157208,0.5939019070221827,0.40052694311508763,0.4125488662821615
681,0.5904912535960858,0.6170985112842332,0.3953694647703415,0.4339883411541963
682,0.5875833658581107,0.6066390968795515,0.39521637304216367,0.3853763064258119
683,0.5958753077902346,0.585383118217827,0.3982891351239294,0.40178875357676774
684,0.5886669872153518,0.5948120712215065,0.396172599405305,0.38657258056167865
685,0.5968072956953293,0.5958713089298998,0.4009114564993443,0.4044709427234454
686,0.5909714864359962,0.5846610795228909,0.3968963752954434,0.3961839854207813
687,0.58849306544687,0.5912800484742874,0.39534843044403273,0.40864692284510684
688,0.5873084496229123,0.5830739102302454,0.39499905476203334,0.3949382452883272
689,0.5877311395274268,0.5844849518731109,0.39526052199877226,0.39198034492313355
690,0.5924687495088985,0.5891898572444916,0.39828601708778966,0.3835935284439315
691,0.5934822719830734,0.6099644718516586,0.3980797055440071,0.3823875688080095
692,0.5947222077948415,0.58791169957218,0.4002189338207245,0.3823775710203709
693,0.5892636233415359,0.5841578364881694,0.39523279335763717,0.39888657209200734
694,0.5890164882199377,0.5843575171425811,0.39551943718877614,0.3930906903030526
695,0.5895256277842399,0.5833684453087994,0.39627681761725336,0.3893529979082254
696,0.5904531669922364,0.5886169394366761,0.39651510781712,0.38096996250315607
697,0.5915119917983682,0.5904757079915104,0.39696101857046795,0.3804967013689188
698,0.5905120339658525,0.5850993901745886,0.3962185831151457,0.4012326460618239
699,0.5964484632524669,0.5898372439237741,0.4000191321739784,0.38732626244553137
700,0.5893329190902221,0.5911297003428141,0.39588805880302036,0.3841819330158397
701,0.5879531181775607,0.5840493646951822,0.3955556645862058,0.3869523426406404
702,0.5920960796185029,0.593045637393609,0.3976513325658619,0.3880447528810583
703,0.5876370739733052,0.5860395683692052,0.3950320966223366,0.3990191908983084
704,0.5930145749678979,0.5926597553950089,0.39759027575835204,0.3882010714111165
705,0.5923331061489562,0.6162071031892401,0.3976811050859272,0.39041315286587447
706,0.5986732137508881,0.6004554980840439,0.40058957103990084,0.37884790163773757
707,0.5931608534266806,0.5908939744162763,0.3967059621444115,0.40889825576390976
708,0.5878181505916465,0.6049090794518462,0.3954569412092877,0.38885378022479195
709,0.5928862981307201,0.5855559288945973,0.39804987240041423,0.3963753996241806
710,0.5893756128274478,0.5888214210669199,0.3962761313996763,0.40661546307751256
711,0.5980976493949564,0.5932500601833702,0.4010055485444191,0.4095006893333207
712,0.5913796274580507,0.5849943191577227,0.39654586024773425,0.3898157844176659
713,0.5922089560419066,0.5928422243167193,0.39783257933763355,0.38570458231828153
714,0.5893996105744288,0.5926834533357213,0.3956104356508989,0.39086092664645267
715,0.592044332343289,0.5833202776236411,0.3973699428586878,0.3934964211578043
716,0.5889382678219396,0.5968699103746659,0.395671229586642,0.41115109253133464
717,0.5901640490588979,0.6124504931971558,0.39730292100172776,0.38810040400578427
718,0.5932300793818939,0.5859212299697419,0.3981263418482919,0.40032918305478543
719,0.5950373141174643,0.5885846423797119,0.3993925077792926,0.38828228732459563
720,0.5874488251840967,0.5860002820308392,0.3943162173287481,0.3908617471018408
721,0.5880314048029419,0.5857171469774002,0.3952855562042986,0.4033792826355013
722,0.5913751234865596,0.5928169695230631,0.39637453688515556,0.4040742353496388
723,0.5865897192404821,0.622732350968907,0.3944870977320223,0.4466703399124309
724,0.5944749109255962,0.5861296725069356,0.3988142897430648,0.3945860636030507
725,0.5921079320275885,0.6055098150530432,0.3966126052232889,0.4359297961251348
726,0.5923814073077633,0.6166679815858858,0.39653147285820073,0.4221406637603401
727,0.5957007308801016,0.5849269771168375,0.3991095897478935,0.3993903039357601
728,0.5936797880209409,0.5854893102605119,0.3992414492317754,0.4026110702090793
729,0.5857635056361173,0.5891990414542011,0.39416520157430923,0.3810703046301491
730,0.5887927540347108,0.6096388977816981,0.3956277497813233,0.41011640862521964
731,0.5902604109201676,0.5865064831370981,0.39745026546665746,0.3931854573579935
732,0.5948419927531837,0.5864797071513966,0.39963854887546635,0.38752594208106017
733,0.5891987133739341,0.6106273432572683,0.39623694949679905,0.38154964416455
734,0.5929003108260978,0.5876745627476618,0.39582727174473625,0.3952093952231937
735,0.5892989120931706,0.605644873319528,0.39622796142203176,0.430637235315437
736,0.5910735767111819,0.595725165727811,0.3972240159144768,0.3836901908756321
737,0.590182044567206,0.5878817306624519,0.39629556378747666,0.39486380010588557
738,0.5877592535609872,0.607353581322564,0.3955064502536741,0.38521183683322024
739,0.5967668738120642,0.6033822621545221,0.39957901453360534,0.4124005151610089
740,0.5920330301309243,0.6061732539763818,0.3985662488346426,0.3820338305245098
741,0.5956582910994179,0.5893607646481603,0.39947226439785755,0.38460083445932114
742,0.5897548012753837,0.5868751753089775,0.39608420113213044,0.39543247299316603
743,0.5889716846311194,0.5987037404989585,0.3958605525330601,0.38809722687444115
744,0.5939191982277439,0.5830107970624907,0.3975017223602686,0.3872072278943836
745,0.5887569448886774,0.5862618829959478,0.39542474298395663,0.3826582245847099
746,0.5889520838729336,0.5837366991063468,0.39542109283626586,0.3934275321980827
747,0.5895690148712224,0.5995730760260525,0.396068073490746,0.38178744657426816
748,0.5971074081384219,0.5900686424002688,0.40114712052875096,0.38534738110680866
749,0.5904214369435595,0.5888057692438109,0.3968884562834715,0.4082823594411214
750,0.5891693794829214,0.5867358043662503,0.39634487211194813,0.38373906031633037
751,0.5895236875766363,0.5841168361341852,0.39531563362504685,0.3875560342756092
752,0.590146342658589,0.583130197137849,0.39702232169289875,0.38751139141555524
753,0.5911087373383025,0.6021154757238861,0.39738809935048097,0.42907650501300126
754,0.5932818824409419,0.5856791092799261,0.3979883290763594,0.38641828757065994
755,0.5879855369910215,0.5924058543820666,0.39543133821242893,0.38747803548462373
756,0.5934467677377228,0.5963265852540987,0.3977193272011912,0.40334903174995357
757,0.5933117084523551,0.6227329487983997,0.39794121899156487,0.38258044485353
758,0.5925569065615662,0.5872619997741829,0.39761467086963165,0.38302219143280614
759,0.59322321593252,0.5873415775788136,0.39874662191439897,0.38251670150675326
760,0.5864302684099246,0.5869225620204567,0.39372823737625384,0.4072460937194335
761,0.5933939154840943,0.587076748538221,0.3991274759810195,0.3940697941515181
762,0.5908805508898873,0.6010591018403697,0.39713650839960474,0.3816545513960031
763,0.5917532528058077,0.5852808101564391,0.3966466234280513,0.38583490558159655
764,0.5889152122868432,0.5916932421362299,0.39480149975189793,0.41538924819383866
765,0.5927380547564254,0.5841436587337755,0.3991010578779074,0.3876717243439112
766,0.5891695096452012,0.5950027920751491,0.3952680449200492,0.4158204078164875
767,0.5934107474282256,0.5883860712886876,0.3995933265258104,0.3838548334235819
768,0.5884350632500445,0.5921851307408422,0.3959826146944975,0.38556209537718034
769,0.5911813709470961,0.5911732124976623,0.39687464201552236,0.41119844638384306
770,0.5919459072443155,0.5861781578288119,0.398108157591942,0.40253183271130943
771,0.5895897893824129,0.5918838511674832,0.39591752540352,0.4120664479386093
772,0.5943741828967364,0.5848071465634892,0.39927886923154193,0.39357671319928944
773,0.5910881123481653,0.5915695923006433,0.3972685660561945,0.38203735254768634
774,0.5944519198348379,0.5862315511092161,0.3985814475096189,0.3835917871731978
775,0.5887080280699282,0.5828774719156771,0.3949827210515992,0.393424980660789
776,0.5990390469375838,0.5865666749130967,0.39999598315638357,0.3862726642535283
777,0.592695801686018,0.6073738514867604,0.3984734973846338,0.3840764610685854
778,0.597197983509455,0.622932945815926,0.4013072698034792,0.38506397783246815
779,0.601002057393392,0.5898585230366796,0.4000704398012569,0.40048623237854397
780,0.5896099576583276,0.5904793876868027,0.3963218010388888,0.3816631910128471
781,0.5879871394389715,0.5872667444567395,0.39494484663009644,0.40280272843491316
782,0.5880521380493784,0.5877455898329743,0.39543539362076,0.391005583298512
783,0.5864513205666827,0.5886648778732007,0.394711215271909,0.38826444719591713
784,0.5914337678342803,0.5854244553125821,0.39692853735043454,0.3830638662872151
785,0.5918135752535274,0.5853758377906604,0.39632087105359787,0.3861768271169092
786,0.5909578871523213,0.6079055075971489,0.3967339174869733,0.43690537438433397
787,0.5934899434065207,0.5838869101980813,0.39750424842549187,0.39891078151189363
788,0.5944292119935027,0.5984517399571899,0.39755909845360327,0.4180312630457756
789,0.5926208340714121,0.5835839222129594,0.39832601486108243,0.39303992828752243
790,0.5924795247041262,0.5961900185316037,0.39747708144350946,0.3857567824869074
791,0.5887216462029351,0.5832883063544575,0.3955788971521916,0.38686255792267304
792,0.5887118506635356,0.5823938044217917,0.39531675974527997,0.39153327697362655
793,0.5863379667966794,0.5870161937852191,0.3944884281382601,0.39504346480736363
794,0.5938962634302613,0.585893268768604,0.39850730620897734,0.38620364920705813
795,0.5890041857193677,0.5857521746403132,0.39585886093286365,0.40201984689785886
796,0.592999375019318,0.5976712275774051,0.39805707793969375,0.3867378107502929
797,0.5913456551030151,0.5893003767372197,0.3975990063104874,0.3862182220332643
798,0.5902946838456341,0.5834598966643342,0.39655183956154394,0.38809473163042313
799,0.6021327101267301,0.6136927169102889,0.4032160861369891,0.39847183991701174
800,0.596048819203662,0.6255850677306836,0.398306488736063,0.4459996740532737
801,0.5930608931260232,0.5865809904713916,0.39735671393891686,0.3985613966599489
802,0.591559198167589,0.5964383684162401,0.3964846740421067,0.4176463617218865
803,0.5897408680528657,0.5942770128066723,0.39642866478007066,0.38693191174767977
804,0.5911803225166777,0.5879768836192596,0.39625363905205685,0.40685160496296024
805,0.5940235511869447,0.5977687784749218,0.3986607970844986,0.3786402196965666
806,0.5917602194170667,0.5833911959432129,0.3970378229760716,0.3859891511945643
807,0.5910311055998517,0.6026089560781789,0.3949456347359551,0.4230072531435225
808,0.5965513808604999,0.5932181839250091,0.4003991013408726,0.3830812005405752
809,0.5908164078863258,0.5883241005432911,0.3967694540818532,0.3887643100868942
810,0.5951457400607247,0.5969008271001343,0.3991493766124432,0.42207358764787006
811,0.5914666680698721,0.5909403965004489,0.3976049932659182,0.38541064557866156
812,0.5945744776827657,0.648734756005116,0.3949166982092409,0.46486138813516015
813,0.5921250711648892,0.5874099756917383,0.39809519765723467,0.38683424928249455
814,0.5924819414941673,0.5868917250225687,0.39685786712882865,0.39945022494365007
815,0.5918480766634656,0.5969317135138389,0.3965711746460352,0.4197018900488177
816,0.5902444040163969,0.586305136864002,0.39667446261797196,0.39962831266924864
817,0.5908786606075417,0.5906189662269038,0.39749730117300636,0.4096639273513077
818,0.5897516547105252,0.5881873450727544,0.3963156011369493,0.3808647447671646
819,0.5865826558353554,0.6017124072099344,0.39425558666897637,0.3894827982299348
820,0.5923293854436303,0.5852919829706861,0.3969471668585753,0.4013614677465879
821,0.5859413467920743,0.599272734589047,0.3944409385196164,0.39028143780863184
822,0.5940307671697731,0.5878942557889172,0.3983099491168291,0.3831302510876941
823,0.5901364617877536,0.5931400615944822,0.39650064961523074,0.390355311652534
824,0.5943924445881803,0.6053752394822928,0.3975009286505544,0.42109591303727567
825,0.5935013599884815,0.5862233437534071,0.39808169516742736,0.384371658675691
826,0.5892525633685609,0.5927735605301001,0.3963888458207122,0.3840949028475672
827,0.5965726976720696,0.5857208623335912,0.40004955805264986,0.3893362291348286
828,0.5892740098329691,0.5991595114907647,0.39618148100681794,0.39157842418067473
829,0.588174131181505,0.5891865861212087,0.39510206152231264,0.40621887847908544
830,0.5936639257985302,0.6075570229281727,0.3989838336268042,0.419726932914848
831,0.5936177800863217,0.5848915487782568,0.3973015646139781,0.39405889643563163
832,0.5890588098102145,0.6079229083326128,0.39552000164985657,0.39071324161994153
833,0.5921225810152853,0.6096816419536232,0.3976503974861569,0.3854520068718837
834,0.5977054324924437,0.5840610558660622,0.3996930827951839,0.388368005426521
835,0.5926243810572176,0.6228789786497752,0.3968509657260699,0.4323302395323403
836,0.5933682108536745,0.587777970947771,0.3974813839309236,0.39408559345791483
837,0.5910165949254973,0.5875022146436903,0.3965368849090022,0.3920410555652064
838,0.5915829042593638,0.5846263241564107,0.3973944171881064,0.39239266438361925
839,0.5881151989993886,0.5966131419707568,0.3948018405682001,0.37971040530082506
840,0.5893181432516147,0.5937232232501364,0.39611918880389285,0.37995873455308443
841,0.5951085887913011,0.5868737977794093,0.3995020904092707,0.38429103422368693
842,0.5865167710516188,0.5993160613072224,0.39450325874181896,0.3813473566984519
843,0.5993989331599994,0.5855211732733963,0.39997370808552474,0.3991711295058585
844,0.5897871630314069,0.5857061603639879,0.39679527511963475,0.38295701681039274
845,0.5909367007577521,0.5872058341136346,0.3957740557499421,0.4062318924145821
846,0.5924325259322794,0.5897709740023328,0.39858182373209894,0.39005409117437834
847,0.592086544403663,0.5984601067681597,0.3975911036006406,0.38354414930710423
848,0.5918773906862634,0.5921336672244928,0.3957988678390144,0.40894836467555445
849,0.5906307559746963,0.6274250705018003,0.396431123599028,0.4535411812810816
850,0.5946652930007021,0.5972809730431973,0.39897896744247174,0.38368740703305626
851,0.5965893724535265,0.589459781972771,0.3984606072433993,0.40586431719299054
852,0.5932920679577396,0.5912842004217653,0.39678472433334744,0.4123430229150332
853,0.5931192124501253,0.5846035691917452,0.39840207344446427,0.39641281835034364
854,0.5923641820748647,0.5890406543373042,0.3963235196394798,0.38961019195043123
855,0.5886033151903723,0.5905091046777546,0.3959481723797627,0.3819786946997683
856,0.5881969900722177,0.5895727386331966,0.39489157204954034,0.41094377840686047
857,0.5941506387331547,0.5833203349357996,0.4005563936681829,0.3889400370610066
858,0.588540770049788,0.582719680845228,0.3946842136036636,0.38988224130410415
859,0.5920701391167111,0.585055766452072,0.39708603141654253,0.39498238099945915
860,0.5889529659707322,0.5850097547229539,0.39541059248467797,0.38388078818973315
861,0.5881706919425573,0.5919207016117553,0.3960883296453036,0.38279166970497525
862,0.5960628268046256,0.5979360161174057,0.3998748316214635,0.400848510937813
863,0.5916242800716661,0.5843329409248809,0.3978931093827272,0.3936394180497553
864,0.5912871348042773,0.596226051577136,0.39643924511395967,0.4167106846968333
865,0.5914970814672291,0.590862891358188,0.39730283006643635,0.39228580115187883
866,0.593412352168662,0.585002420294998,0.3979242678381439,0.39746096475511533
867,0.5913255245257647,0.5856471751999651,0.39721076738121164,0.4005772738884657
868,0.5959084135854346,0.5961149604911478,0.3993140886991452,0.40353550080560213
869,0.5892876748345856,0.6083592084737924,0.39681724758229703,0.3826172097116454
870,0.5954735312196944,0.5875343270281441,0.398461372169674,0.40103906316634935
871,0.5944266917868557,0.6092812617619833,0.3972322655539227,0.4314359648105426
872,0.5978251425628989,0.6015589919864622,0.4005712021110404,0.42753531127913386
873,0.5903635203328907,0.6013364506582929,0.396177675224777,0.41678800898739415
874,0.5938301565300705,0.5945503482451806,0.39976838842416423,0.41065398902974576
875,0.5898207023612454,0.6191864039143945,0.39526987636191213,0.45070014091638416
876,0.5915061854399167,0.5906551531237415,0.3962919803766104,0.41305818389623594
877,0.5926811183110262,0.5974690379240574,0.39813871949146956,0.38193722234831917
878,0.5937753498044789,0.5996226184388511,0.39916383201240474,0.38143756705471593
879,0.5880940485204387,0.5860599949319139,0.39544934671149296,0.40281301507583034
880,0.5933731952284136,0.5841916450577923,0.39753828114933437,0.3989535717882662
881,0.5890659183009058,0.5866203364144024,0.39635065452665347,0.39975943779334044
882,0.5929544764196771,0.5988868510621226,0.39767524701917273,0.42951585492517197
883,0.5977469099383069,0.5832496833088051,0.3995297795686966,0.39666378014108056
884,0.590007255729447,0.5872953776110951,0.3963695634634067,0.3826855798052926
885,0.5904558726355561,0.602798845523443,0.39632910770228785,0.383139447014556
886,0.5955455942541106,0.5918361865557157,0.3988709475240137,0.3830040153275188
887,0.5868490707670522,0.5858875288922563,0.39476887308634245,0.3961374303724012
888,0.5919211471182668,0.5859179129967322,0.3963399942104633,0.40363341238763595
889,0.5929286727029034,0.613915997183221,0.39767154949343103,0.4239259387692835
890,0.5909104877048068,0.5845519210028852,0.39760776488190025,0.38376114944107514
891,0.5900185123468057,0.5872461564011044,0.3955952369759225,0.40266299400574124
892,0.5889441956821669,0.6327366062209138,0.39600132800574994,0.3914700451060238
893,0.5945350764653622,0.58527012487762,0.39883421348710346,0.391410630228173
894,0.5879076395788764,0.5828589055782709,0.3950035296953641,0.3963028167048071
895,0.5878295358429607,0.6169987234294924,0.395579645012179,0.3855764435397254
896,0.5917442160793859,0.5976254777011708,0.3972487250963847,0.42260094178028595
897,0.5952022172446944,0.5918143287173703,0.3988298980089334,0.4107973629083389
898,0.5884165993103614,0.6136416143331772,0.3951599159811297,0.44595511346800715
899,0.5901020538603139,0.5970304672025207,0.3967953810834477,0.41974354630861527
900,0.5990481572782892,0.5847175317442316,0.39974165625042385,0.3840701144475203
901,0.5952036999739133,0.6011023709916661,0.3959809694534693,0.40232450559607935
902,0.5916647602859725,0.5879877207116184,0.39779935178593695,0.3936934705473419
903,0.5904558481823685,0.6075572455540682,0.39713011694769573,0.38740973773165643
904,0.5880847710829514,0.6049640191416455,0.39568045353278136,0.3811699646150964
905,0.5935850163810273,0.5840962832300072,0.3978765176402198,0.38925412348192984
906,0.5904028690778292,0.5918082470058376,0.3973037358532604,0.39424594268839586
907,0.5905490374972677,0.5959849994406741,0.39516289646808916,0.41430754870431036
908,0.5948924852742089,0.5842923045667827,0.39637573228942025,0.39988258481025696
909,0.5937066666590862,0.5966649007084023,0.39923558352339983,0.38129822031045574
910,0.5924498194303268,0.6009958164814191,0.39781793442546814,0.3869457744125627
911,0.5933216112291712,0.6266821561715542,0.39495757655200797,0.44421437535530484
912,0.5966587637224768,0.587443946263729,0.39968857169151306,0.38723111280009276
913,0.5893696966843728,0.6004693250880282,0.3946334039553618,0.4192778875685146
914,0.5911567262095264,0.5831870907901698,0.39745706014144117,0.3948124876389137
915,0.5911277965602711,0.5886871807086163,0.3976790576409071,0.4007569238161429
916,0.5949406244306483,0.5939818643606626,0.39841962268209863,0.388138758066373
917,0.5901758031457918,0.6118789264279553,0.3961692004122286,0.3881444467438592
918,0.5909342065326169,0.6038423198410588,0.3960368037223816,0.412825166924387
919,0.5958259930977454,0.5876437369574848,0.4002942310439216,0.4024034448159047
920,0.5906172463527093,0.595602496057494,0.3968542335379837,0.40971198983681506
921,0.5936675616818615,0.5939746139905392,0.3988049032851162,0.41681485349296504
922,0.5909557750082424,0.5830394938970224,0.3958721474195138,0.39235291827438223
923,0.590276288935262,0.5937117243933882,0.39691863864914984,0.4042909074033427
924,0.5882775867596651,0.5866375517131935,0.3948491595239721,0.4038999266604073
925,0.5929833556342329,0.5879222954440321,0.3979707760179145,0.4025424571118803
926,0.5866030118404291,0.5837274453578851,0.39452653486504513,0.38873525205840415
927,0.5910791510190719,0.5887020248123723,0.396474673707261,0.38238783117033476
928,0.596571176734745,0.5886501193556011,0.39897321763201654,0.3824639091124901
929,0.5903177938909612,0.6005379519401453,0.3961888561900864,0.4261358092483292
930,0.5908483794102302,0.5853476328218085,0.3979559958490551,0.40079010118786085
931,0.5865025054185818,0.5985586765484933,0.39470238588814044,0.38370716317087156
932,0.5886247639472668,0.583776258250587,0.3956002870686034,0.39020317232506907
933,0.590018754076754,0.6105972041941097,0.39568845150817156,0.38440534497937584
934,0.5949983828597598,0.5859061647684146,0.39988878191026866,0.3911559405999306
935,0.5949072004892887,0.5850352555768102,0.39934625177301913,0.40288179552453196
936,0.59204993594406,0.5893835025465387,0.3979500320732084,0.38229493885977656
937,0.5958522092073392,0.601003751795516,0.39763430601511246,0.43052320449780196
938,0.5940968465601277,0.5866318561582484,0.39893677092006063,0.39368249208499223
939,0.5899553609709455,0.624991226145345,0.39554554325902563,0.38459909395274955
940,0.5913834151549217,0.5967236652842953,0.3972789033865317,0.38023633376145977
941,0.5917684899436103,0.5859464822161911,0.3948239765615545,0.386275451662194
942,0.589171342105947,0.5907740791638693,0.3959378505873884,0.383316713775325
943,0.5905680103689177,0.5967286911785094,0.3958975084317036,0.4221024752682091
944,0.5957540913015349,0.5859359403451284,0.39987651099506605,0.3835047794203473
945,0.5907026934318054,0.5864097172887917,0.3971126268052647,0.4036168109657418
946,0.5923412205317081,0.5933014521232018,0.3969066051336435,0.4136397469247508
947,0.5896567434836657,0.5885165613940638,0.3964813061249562,0.3907370735437442
948,0.589117608518682,0.5864314722199725,0.3957253029713264,0.4033885346009181
949,0.5939954394458705,0.5841626517283611,0.39918973532497376,0.38816795338932264
950,0.5925833799390712,0.5928951848266472,0.3979171988291618,0.38024107742513347
951,0.5883647030235356,0.6080116606675662,0.39526663274846524,0.3843073526508788
952,0.5959519957884764,0.5925493112996093,0.39800436603717315,0.41748022880309665
953,0.5951003620767186,0.5834337022060003,0.39840319064947277,0.3902396814435975
954,0.5866043850397452,0.582449210759921,0.394799081942974,0.39279512971894354
955,0.5993699469627478,0.587949944102866,0.3977443647180867,0.3936454722514519
956,0.5956466967224056,0.5852647416102581,0.40015882406479275,0.3965685260601533
957,0.5896044987389165,0.5964956033943046,0.3952106061654213,0.4192004165588281
958,0.6043176192503709,0.5948133990805373,0.3966628605993385,0.4114593043286576
959,0.5930381208403498,0.5854291602587088,0.3973687196898664,0.40236989580667937
960,0.590320455467599,0.5836346439826183,0.3965467112696069,0.39002469869760364
961,0.5925118808562939,0.5910778700286506,0.3973102747884571,0.3838283180171608
962,0.5974403230043558,0.5906566075789623,0.40000740432331705,0.4147114307961912
963,0.5870021691179683,0.6061093728257041,0.39465500860132724,0.3940369815398485
964,0.5886801929555388,0.6097962400342665,0.3963884148332808,0.3806560187258272
965,0.5907446444034576,0.5893203809730008,0.3964388907974602,0.38995874819592535
966,0.5921487072084703,0.599296843394255,0.39502008373920733,0.3872723286477929
967,0.5990319409940996,0.5835527219833472,0.4000727493538816,0.3925663803377722
968,0.5904635443137243,0.588095067657976,0.3967264814254565,0.396753266835824
969,0.5894205906452277,0.5953801332885383,0.3960301677385966,0.38770044359386474
970,0.5919353577316316,0.6025470209936811,0.39608623940720517,0.4178410987568717
971,0.5907873004420191,0.5868475875283918,0.39777292629592437,0.3992992871337467
972,0.5916371722506661,0.5859350050107027,0.3951661176661141,0.4010858194440858
973,0.5940510380981315,0.5882537461753584,0.39930207632545733,0.3956685608778244
974,0.5884542691911387,0.5896321173407074,0.39567670761010587,0.3953274552129273
975,0.5939371573109912,0.5886589039085258,0.3988791492759672,0.40144964441274983
976,0.5909233709685823,0.5976161187530583,0.3963131064023727,0.4164852543264373
977,0.597538347937103,0.5850175489217807,0.3995402060512804,0.3855521189860808
978,0.5900406837463379,0.5873168434342767,0.39639543238868064,0.3952465650872288
979,0.5859105546250303,0.5896924624585698,0.3947070574658549,0.38556781462115103
980,0.5956163798641955,0.6322514980267255,0.39875007363466114,0.4462305883057097
981,0.5914680697979071,0.6023583697457598,0.3977074928772755,0.38023247397862947
982,0.5898553976136395,0.5858325059087868,0.3964353672459594,0.3842912112545763
983,0.5858505961731968,0.5861300194365346,0.39383496637018317,0.38586940393488633
984,0.5887316373678354,0.6002644957640232,0.39620627475599957,0.38166055388939685
985,0.5895921503886198,0.6064908466277978,0.3962892803371462,0.3847666589113382
986,0.5901145945247422,0.6108062797122531,0.3966036217334943,0.3828098287439754
987,0.5978434605476184,0.5854048657621074,0.40007936572417235,0.4034354597584814
988,0.5868377746679844,0.5873280773814927,0.39483864006833136,0.40479893995146465
989,0.5885940250168499,0.5916295204407129,0.3947035576033796,0.4030966720519922
990,0.5894627543086679,0.5851275849546123,0.39705035497999597,0.3937165887437315
991,0.5945861441457373,0.6175824981978816,0.3986522659786746,0.3847796863470322
992,0.5898566047350565,0.585403423024039,0.3965952717340909,0.38486464920206964
993,0.5893159078227149,0.6065490294216026,0.3957507612868252,0.3837585219970116
994,0.5903226588016901,0.5875858730740018,0.3966493672794766,0.38605448374381435
995,0.5921274930493444,0.5988935632073981,0.39796291559170455,0.39701899147441244
996,0.5953128857490344,0.5888470778098474,0.3993291021921696,0.4046720813991677
997,0.5898664025669424,0.5932873734551617,0.39619876125938874,0.41451666243055946
998,0.5936666900276119,0.5878509868923415,0.3948954333606948,0.38217638292883194
999,0.5929583876560895,0.5879652749778878,0.39717055946333796,0.3993740986045609
